{
  "Bid": 0.01607601,
  "Ask": 0.01633299,
  "Last": 0.01635099
}
